item_no	field_length	file_location	item_description
1	2	1-2	[VMONTH] MONTH OF VISIT
2	1	3	[VDAYR] DAY OF WEEK OF VISIT
3	3	4-6	[AGE] PATIENT AGE (reported in years or derived from date of visit
4	1	7	[AGER] AGE RECODE
5	3	8-10	[AGEDAYS] AGE IN DAYS FOR PATIENTS LESS THAN ONE YEAR
6	1	11	[SEX] SEX
7	2	12-13	[PREGNANT] IS PATIENT PREGNANT?
8	2	14-15	"[GESTWK] IF PATIENT IS PREGNANT, SPECIFY GESTATION"
9	2	16-17	[ETHUN] UNIMPUTED ETHNICITY
10	2	18-19	[RACEUN] UNIMPUTED RACE
11	1	20	[ETHIM] IMPUTED ETHNICITY
12	1	21	[RACER] IMPUTED RACE
13	1	22	[RACERETH] IMPUTED RACE/ETHNICITY
14	1	23	[NOPAY] NO RESPONSE TO EXPECTED SOURCE(S) OF
15	1	24	[PAYPRIV] EXPECTED SOURCE OF PAYMENT: PRIVATE
16	1	25	[PAYMCARE] EXPECTED SOURCE OF PAYMENT: MEDICARE
17	1	26	[PAYMCAID] EXPECTED SOURCE OF PAYMENT:
18	1	27	[PAYWKCMP] EXPECTED SOURCE OF PAYMENT:
19	1	28	[PAYSELF] EXPECTED SOURCE OF PAYMENT:
20	1	29	[PAYNOCHG] EXPECTED SOURCE OF PAYMENT:
21	1	30	[PAYOTH] EXPECTED SOURCE OF PAYMENT:
22	1	31	[PAYDK] EXPECTED SOURCE OF PAYMENT:
23	2	32-33	[PAYTYPER] RECODED PRIMARY EXPECTED SOURCE OF
24	2	34-35	[USETOBAC] TOBACCO USE
25	2	36-37	[EVERTOBAC] PRIOR TOBACCO USE
26	2	38-39	"[INJURY] IS THIS VISIT RELATED TO AN INJURY/TRAUMA,"
27	2	40-41	"[INJPOISAD] IS THIS VISIT RELATED TO AN INJURY/TRAUMA,"
28	2	42-43	"[INJURY72] Did the injury/trauma, overdose/poisoning, or adverse"
29	2	44-45	[INTENT] IS THIS INJURY/TRAUMA OR
30	2	46-47	[INJURY_ENC] Type of encounter for injury visits
31	5	48-52	[RFV1] REASON # 1
32	5	53-57	[RFV2] REASON # 2
33	5	58-62	[RFV3] REASON # 3
34	5	63-67	[RFV4] REASON # 4
35	5	68-72	[RFV5] REASON # 5
36	4	73-76	"[CAUSE1] CAUSE #1  (ICD-10-CM, V-Y Codes)"
37	4	77-80	"[CAUSE2] CAUSE #2  (ICD-10-CM, V-Y codes)"
38	4	81-84	"[CAUSE3] CAUSE #3  (ICD-10-CM, V-Y codes)"
39	2	85-86	[PRIMCARE] ARE YOU THE PATIENT’S PRIMARY CARE
40	2	87-88	[REFER] WAS PATIENT REFERRED FOR THIS VISIT?
41	1	89	[SENBEFOR] HAS THE PATIENT BEEN SEEN IN YOUR PRACTICE
42	3	90-92	[PASTVIS] HOW MANY PAST VISITS IN THE LAST 12 MONTHS?
43	2	93-94	[MAJOR] MAJOR REASON FOR THIS VISIT
44	4	95-98	[DIAG1] DIAGNOSIS #1 (ICD-10-CM) There is an
45	2	99-100	"[PRDIAG1] IS DIAGNOSIS #1 PROBABLE, QUESTIONABLE, OR"
46	4	101-104	[DIAG2] DIAGNOSIS #2 (ICD-10-CM) There is an
47	2	105-106	"[PRDIAG2] IS DIAGNOSIS #2 PROBABLE, QUESTIONABLE, OR"
48	4	107-110	[DIAG3] DIAGNOSIS #3 (ICD-10-CM) There is an
49	2	111-112	"[PRDIAG3] IS DIAGNOSIS #3 PROBABLE, QUESTIONABLE, OR"
50	4	113-116	[DIAG4] DIAGNOSIS #4 (ICD-10-CM) There is an
51	2	117-118	"[PRDIAG4] IS DIAGNOSIS #4 PROBABLE, QUESTIONABLE, OR"
52	4	119-122	[DIAG5] DIAGNOSIS #5 (ICD-10-CM) There is an
53	2	123-124	"[PRDIAG5] IS DIAGNOSIS #3 PROBABLE, QUESTIONABLE, OR"
54	1	125	"[ETOHAB] Alcohol misuse, abuse, or dependence"
55	1	126	[ALZHD] Alzheimer’s Disease/Dementia
56	1	127	[ARTHRTIS] Arthritis
57	1	128	[ASTHMA] Asthma
58	2	129-130	[ASTH_SEV] Asthma severity
59	2	131-132	[ASTH_CON] Asthma control
60	1	133	[ADD] Attention deficit disorder (ADD)/ Attention deficit hyperactivity
61	1	134	[AUTISM] Autism spectrum disorder
62	1	135	[CANCER] Cancer
63	1	136	[CEBVD] Cerebrovascular disease/History of stroke (CVA) or
64	1	137	[CKD] Chronic kidney disease (CKD)
65	1	138	[COPD] Chronic obstructive pulmonary disease (COPD)
66	1	139	[CHF] Congestive heart failure (CHF)
67	1	140	"[CAD] Coronary artery disease (CAD), ischemic heart disease (IHD),"
68	1	141	[DEPRN] Depression6
69	1	142	"[DIABTYP1] Diabetes mellitus (DM), type I"
70	1	143	"[DIABTYP2] Diabetes mellitus (DM), type II"
71	1	144	"[DIABTYP0] Diabetes mellitus (DM), type unspecified"
72	1	145	[ESRD] End stage renal disease (ESRD)
73	1	146	[HEPB] Hepatitis B
74	1	147	[HEPC] Hepatitis C
75	1	148	"[HPE] History of pulmonary embolism (PE), or deep vein thrombosis"
76	1	149	[HIV] HIV infection/AIDS
77	1	150	[HYPLIPID] Hyperlipidemia
78	1	151	[HTN] Hypertension
79	1	152	[OBESITY] Obesity
80	1	153	[OSA] Obstructive sleep apnea (OSA)
81	1	154	[OSTPRSIS] Osteoporosis
82	1	155	[SUBSTAB] Substance abuse or dependence
83	1	156	[NOCHRON] None of the above
84	2	157-158	[TOTCHRON] TOTAL NUMBER OF CHRONIC CONDITIONS
85	1	159	[HTTAKE] Was height measurement reported?  (Created during data
86	2	160-161	[HTIN] PATIENT’S HEIGHT (inches)
87	1	162	[WTTAKE] Was weight measurement reported? (Created during data
88	3	163-165	[WTLB] PATIENT’S WEIGHT (pounds)
89	8	166-173	[BMI] Body-Mass Index
90	1	174	[TEMPTAKE] Was temperature reported? (Created during data
91	4	175-178	[TEMPF] Temperature (Fahrenheit)
92	1	179	[BLODPRES] Was blood pressure reported? (Created during data
93	3	180-182	[BPSYS] Blood pressure – systolic
94	3	183-185	[BPDIAS] Blood pressure – diastolic
95	1	186	"[SERVICES] Were any examinations/screenings, laboratory tests,"
96	1	187	"[ETOH] Alcohol abuse screening (includes AUDIT, MAST, CAGE,"
97	1	188	[BREAST] Breast exam
98	1	189	[DEPRESS] Depression screening
99	1	190	[DVS] Domestic violence screening
100	1	191	[FOOT] Foot exam
101	1	192	[NEURO] Neurologic exam
102	1	193	[PELVIC] Pelvic exam
103	1	194	[RECTAL] Rectal exam
104	1	195	[RETINAL] Retinal/Eye exam
105	1	196	[SKIN] Skin exam
106	1	197	"[SUBST] Substance abuse screening (includes NIDA/NM ASSIST,"
107	1	198	[BMP] Basic metabolic panel ((BMP)
108	1	199	[CBC] CBC (Complete blood count)
109	1	200	[CHLAMYD] Chlamydia test
110	1	201	[CMP] Comprehensive metabolic panel (CMP)
111	1	202	[CREAT] Creatinine/Renal function panel
112	1	203	"[BLDCX] Culture, blood"
113	1	204	"[TRTCX] Culture, throat"
114	1	205	"[URNCX] Culture, urine"
115	1	206	"[OTHCX] Culture, other"
116	1	207	"[GLUCOSE] Glucose, serum"
117	1	208	[GCT] Gonorrhea test
118	1	209	[HGBA] HgbA1C (Glycohemoglobin)
119	1	210	[HEPTEST] Hepatitis testing/Hepatitis panel
120	1	211	[HIVTEST] HIV test
121	1	212	[HPVDNA] HPV DNA test
122	1	213	[CHOLEST] Lipid profile
123	1	214	[HEPATIC] Liver enzyme/hepatic function panel
124	1	215	[PAP] Pap test
125	1	216	[PREGTEST] Pregnancy/HCG test
126	1	217	[PSA] PSA (Prostate specific antigen)
127	1	218	[STREP] Rapid strep test
128	1	219	[THYROID] TSH/Thyroid panel
129	1	220	[URINE] Urinalysis (UA)
130	1	221	[VITD] Vitamin D test
131	1	222	[ANYIMAGE] This item was created during data processing and
132	1	223	[BONEDENS] Bone mineral density
133	1	224	[CATSCAN] CT Scan
134	1	225	[ECHOCARD] Echocardiogram
135	1	226	[OTHULTRA] Other ultrasound
136	1	227	[MAMMO] Mammography
137	1	228	[MRI] MRI
138	1	229	[XRAY] X-ray and procedures
139	1	230	[OTHIMAGE] Other imaging
140	1	231	[AUDIO] Audiometry
141	1	232	[BIOPSY] Biopsy
142	2	233-234	[BIOPROV] Biopsy provided
143	1	235	[CARDIAC] Cardiac stress test
144	1	236	[COLON] Colonoscopy
145	1	237	[CRYO] Cryosurgery (cryotherapy)/Destruction of tissue
146	1	238	[EKG] EKG/ECG
147	1	239	[EEG] Electroencephalogram (EEG)
148	1	240	[EMG] Electromyogram (EMG)
149	1	241	[EXCISION] Excision of tissue
150	2	242-243	[EXCIPROV] Excision of tissue provided
151	1	244	[FETAL] Fetal monitoring
152	1	245	[PEAK] Peak flow
153	1	246	[SIGMOID] Sigmoidoscopy
154	2	247-248	[SIGPROV] Sigmoidoscopy provided
155	1	249	[SPIRO] Spirometry
156	1	250	[TONO] Tonometry
157	1	251	[TBTEST] Tuberculosis skin testing/PPD
158	1	252	[EGD] Upper gastrointestinal endoscopy/EGD
159	1	253	[SIGCOLON] Sigmoidoscopy/Colonoscopy
160	1	254	[CSW] Cast/Splint/Wrap
161	1	255	[CAM] Complementary and alternative medicine (CAM)
162	1	256	[DME] Durable medical equipment
163	1	257	[HOMEHLTH] Home health care
164	1	258	"[MENTAL] Mental health counseling, excluding psychotherapy"
165	1	259	[OCCUPY] Occupational therapy
166	1	260	[PT] Physical therapy
167	1	261	[PSYCHOTH] Psychotherapy
168	1	262	[RADTHER] Radiation therapy
169	1	263	[WOUND] Wound care
170	1	264	[ETOHED] Alcohol abuse counseling
171	1	265	[ASTHMAED] Asthma education
172	1	266	[ASTHMAP] Asthma action plan given to patient
173	1	267	[DIAEDUC] Diabetes education
174	1	268	[DIETNUTR] Diet/Nutrition
175	1	269	[EXERCISE] Exercise
176	1	270	[FAMPLAN] Family planning/Contraception
177	1	271	[GENETIC] Genetic counseling
178	1	272	[GRWTHDEV] Growth/Development
179	1	273	[INJPREV] Injury prevention
180	1	274	[STDPREV] STD prevention
181	1	275	[STRESMGT] Stress management
182	1	276	[SUBSTED] Substance abuse counseling
183	1	277	[TOBACED] Tobacco use/Exposure
184	1	278	[WTREDUC] Weight reduction
185	1	279	[OTHSERV] Other services not listed
186	7	280-286	[PROC1] Write-in procedure #1
187	7	287-293	[PROC2] Write-in procedure #2: see PROC1 for details
188	7	294-300	[PROC3] Write-in procedure #3: see PROC1 for details
189	7	301-307	[PROC4] Write-in procedure #4: see PROC1 for details
190	7	308-314	[PROC5] Write-in procedure #5: see PROC1 for details
191	7	315-321	[PROC6] Write-in procedure #6: see PROC1 for details
192	7	322-328	[PROC7] Write-in procedure #7: see PROC1 for details
193	7	329-335	[PROC8] Write-in procedure #8: see PROC1 for details
194	7	336-342	[PROC9] Write-in procedure #9: see PROC1 for details
195	2	343-344	[SERVCNT] Total number of services reported as ordered or provided
196	1	345	"[ALLSERV] Were any services ordered or provided at the visit,"
197	1	346	[MED] WERE ANY PRESCRIPTION OR NON-PRESCRIPTION
198	5	347-351	[MED1] MEDICATION #1
199	5	352-416	[MED2] MEDICATION #2 - See MED1
200	5	357-361	[MED3] MEDICATION #3 - See MED1
201	5	362-366	[MED4] MEDICATION #4 - See MED1
202	5	367-371	[MED5] MEDICATION #5 - See MED1
203	5	372-376	[MED6] MEDICATION #6 - See MED1
204	5	377-381	[MED7] MEDICATION #7 - See MED1
205	5	382-396	[MED8] MEDICATION #8 - See MED1
206	5	387-391	[MED9] MEDICATION #9 - See MED1
207	5	392-396	[MED10] MEDICATION #10 - See MED1
208	5	397-401	[MED11] MEDICATION #11 - See MED1
209	5	402-406	[MED12] MEDICATION #12 - See MED1
210	5	407-411	[MED13] MEDICATION #13 - See MED1
211	5	412-416	[MED14] MEDICATION #14 - See MED1
212	5	417-421	[MED15] MEDICATION #15 - See MED1
213	5	422-426	[MED16] MEDICATION #16 - See MED1
214	5	427-431	[MED17] MEDICATION #17 - See MED1
215	5	432-436	[MED18] MEDICATION #18 - See MED1
216	5	437-441	[MED19] MEDICATION #19 - See MED1
217	5	442-446	[MED20] MEDICATION #20 - See MED1
218	5	447-451	[MED21] MEDICATION #21 - See MED1
219	5	452-456	[MED22] MEDICATION #22 - See MED1
220	5	457-461	[MED23] MEDICATION #23 - See MED1
221	5	462-466	[MED24] MEDICATION #24 - See MED1
222	5	467-471	[MED25] MEDICATION #25 - See MED1
223	5	472-476	[MED26] MEDICATION #26 - See MED1
224	5	477-481	[MED27] MEDICATION #27 - See MED1
225	5	482-486	[MED28] MEDICATION #28 - See MED1
226	5	487-491	[MED29] MEDICATION #29 - See MED1
227	5	492-496	[MED30] MEDICATION #30 - See MED1
228	2	497-498	[NCMED1] Was medication #1 new or continued?
229	2	499-500	[NCMED2] Was medication #2 new or continued? See NCMED1.
230	2	501-502	[NCMED3] Was medication #3 new or continued? See NCMED1.
231	2	503-504	[NCMED4] Was medication #4 new or continued? See NCMED1.
232	2	505-506	[NCMED5] Was medication #5 new or continued? See NCMED1.
233	2	507-508	[NCMED6] Was medication #6 new or continued? See NCMED1.
234	2	509-510	[NCMED7] Was medication #7 new or continued? See NCMED1.
235	2	511-512	[NCMED8] Was medication #8 new or continued? See NCMED1.
236	2	513-514	[NCMED9] Was medication #9 new or continued? See NCMED1.
237	2	515-516	[NCMED10] Was medication #10 new or continued? See NCMED1.
238	2	517-518	[NCMED11] Was medication #11 new or continued? See NCMED1.
239	2	519-520	[NCMED12] Was medication #12 new or continued? See NCMED1.
240	2	521-522	[NCMED13] Was medication #13 new or continued? See NCMED1.
241	2	523-524	[NCMED14] Was medication #14 new or continued? See NCMED1.
242	2	525-526	[NCMED15] Was medication #15 new or continued? See NCMED1.
243	2	527-528	[NCMED16] Was medication #16 new or continued? See NCMED1.
244	2	529-530	[NCMED17] Was medication #17 new or continued? See NCMED1.
245	2	531-532	[NCMED18] Was medication #18 new or continued? See NCMED1.
246	2	533-534	[NCMED19] Was medication #19 new or continued? See NCMED1.
247	2	535-536	[NCMED20] Was medication #20 new or continued? See NCMED1.
248	2	537-538	[NCMED21] Was medication #21 new or continued? See NCMED1.
249	2	539-540	[NCMED22] Was medication #22 new or continued? See NCMED1.
250	2	541-542	[NCMED23] Was medication #23 new or continued? See NCMED1.
251	2	543-544	[NCMED24] Was medication #24 new or continued? See NCMED1.
252	2	545-546	[NCMED25] Was medication #25 new or continued? See NCMED1.
253	2	547-548	[NCMED26] Was medication #26 new or continued? See NCMED1.
254	2	549-550	[NCMED27] Was medication #27 new or continued? See NCMED1.
255	2	551-552	[NCMED28] Was medication #28 new or continued? See NCMED1.
256	2	553-554	[NCMED29] Was medication #29 new or continued? See NCMED1.
257	2	555-556	[NCMED30] Was medication #30 new or continued? See NCMED1.
258	2	557-558	[NUMMED] NUMBER OF MEDICATIONS CODED
259	2	559-560	[NUMNEW] NUMBER OF NEW MEDICATIONS CODED
260	2	561-562	[NUMCONT] NUMBER OF CONTINUED MEDICATIONS CODED
261	1	563	[NOPROVID] No answer to item
262	1	564	[PHYS] Physician
263	1	565	[PHYSASST] Physician assistant
264	1	566	[NPNMW] Nurse practitioner/Midwife
265	1	567	[RNLPN] RN/LPN
266	1	568	[MHP] Mental health provider
267	1	569	[OTHPROV] Other provider
268	1	570	[PROVNONE] None; no providers seen
269	3	571-573	[TIMEMD] TIME SPENT WITH MD (in minutes)
270	1	574	[NODISP] No answer to item
271	1	575	[RETREFPHY] Return to referring physician
272	1	576	[REFOTHMD] Refer to other physician
273	1	577	[RETAPPT1] Return in less than 1 week
274	1	578	[RETAPPT2] Return in 1 week to less than 2 months
275	1	579	[RETAPPT3] Return in 2 months or greater
276	1	580	[RETUNSP] Return at unspecified time
277	1	581	[RETNEED] Return as needed (p.r.n.)
278	1	582	[ERADMHOS] Refer to emergency department/Admit to hospital
279	1	583	[OTHDISP] Other visit disposition
280	2	584-585	[CHOL] WAS BLOOD FOR TOTAL CHOLESTEROL TEST DRAWN
281	3	586-588	[CHOLRES] MOST RECENT RESULT FOR TOTAL CHOLESTEROL
282	4	589-592	[DAYDCHOL] DIFFERENCE IN DAYS BETWEEN VISIT DATE AND
283	2	593-594	[HDL] WAS BLOOD FOR HIGH DENSITY LIPOPROTEIN (HDL)
284	3	595-597	[HDLRES] MOST RECENT RESULT FOR HIGH DENSITY
285	4	598-601	[DAYDHDL] DIFFERENCE IN DAYS BETWEEN VISIT DATE AND
286	2	602-603	[LDL] WAS BLOOD FOR LOW DENSITY LIPOPROTEIN (LDL) TEST
287	3	604-606	[LDLRES] MOST RECENT RESULT FOR LOW DENSITY
288	4	607-610	[DAYDLDL] DIFFERENCE IN DAYS BETWEEN VISIT DATE AND
289	4	611-614	[LIPIDERR] CALCULATED LDL RESULT. NOT TO BE USED FOR
290	4	615-618	[LDLDIFF] DIFFERENCE BETWEEN REPORTED LDL RESULT
291	2	619-620	[TGS] WAS BLOOD FOR TRIGLYCERIDES TEST DRAWN ON THE
292	3	621-623	[TGSRES] MOST RECENT RESULT FOR TRIGLYCERIDES
293	4	624-627	[DAYDTGS] DIFFERENCE IN DAYS BETWEEN VISIT DATE AND
294	2	628-629	[A1C] WAS BLOOD FOR GLYCOHEMOGLOBIN (HbA1c) TEST
295	4	630-633	[A1CRES] MOST RECENT RESULT FOR GLYCOHEMOGLOBIN
296	4	634-637	[DAYDA1C] DIFFERENCE IN DAYS BETWEEN VISIT DATE AND
297	2	638-639	[FBG] WAS BLOOD FOR FASTING BLOOD GUCOSE (FBG) TEST
298	3	640-642	[FBGRES] MOST RECENT RESULT FOR FASTING BLOOD
299	4	643-646	[DAYDFBG] DIFFERENCE IN DAYS BETWEEN VISIT DATE AND
300	2	647-648	[SERUM] WAS BLOOD FOR SERUM CREATININE DRAWN ON
301	5	649-653	[SERUMRESR] MOST RECENT RESULT FOR SERUM
302	4	654-657	[DAYDSERUM] DIFFERENCE IN DAYS BETWEEN VISIT DATE
303	2	658-659	[AGEFLAG] Was patient age reported on the PRF or calculated
304	1	660	[BDATEFL] Patient birth year
305	1	661	[SEXFL] Patient sex
306	1	662	[ETHNICFL] Patient ethnicity
307	1	663	[RACERFL] Patient race
308	1	664	[SENBEFL] Has patient been seen in your practice before?
309	1	665	"[PASTFL] If yes, how many past visits in last 12 months?"
310	1	666	[TIMEMDFL] Time spent with physician (minutes)
311	1	667	[HTWTFL] Did height or weight fall outside of acceptable ranges?
312	5	668-672	[PHYCODE] PHYSICIAN CODE - A unique code assigned to all  records from a particular physician.
313	3	673-675	[PATCODE] PATIENT CODE - A number assigned to identify each individual record from a particular physician.
314	2	676-677	"[SPECR] PHYSICIAN SPECIALTY RECODE, 14 GROUPS"
315	1	678	[SPECCAT] PHYSICIAN SPECIALTY GROUP
316	1	679	[MDDO] TYPE OF DOCTOR
317	1	680	[RETYPOFFR] TYPE OF OFFICE SETTING FOR THIS VISIT
318	2	681-682	"[SOLO] DO YOU HAVE A SOLO PRACTICE, OR ARE YOU"
319	2	683-684	"[EMPSTAT] ARE YOU A FULL OR PART OWNER, EMPLOYEE, OR"
320	2	685-686	[OWNSR] WHO OWNS THE PRACTICE AT THIS VISIT
321	2	687-688	[PATEVEN] DO YOU SEE PATIENTS IN THE OFFICE DURING THE
322	2	689-690	[NHVISR] NURSING HOME VISITS
323	2	691-692	[HOMVISR] OTHER HOME VISITS
324	2	693-694	[HOSVISR] HOSPITAL VISITS
325	2	695-696	[TELCONR] TELEPHONE CONSULTS
326	2	697-698	[ECONR] INTERNET/EMAIL CONSULTS
327	2	699-700	[EBILLANY] DOES YOUR PRACTICE SUBMIT ANY CLAIMS
328	2	701-702	[EMEDREC] DOES YOUR PRACTICE USE AN ELECTRONIC
329	2	703-704	[HHSMU] DOES YOUR CURRENT SYSTEM MEET MEANINGFUL
330	2	705-706	"[EMRINS] AT YOUR PRACTICE, ARE THERE PLANS FOR"
331	2	707-708	[EDEMOGR] RECORDING PATIENT HISTORY AND
332	2	709-710	[EPROLSTR] RECORDING PATIENT PROBLEM LIST
333	2	711-712	[EPNOTESR] RECORDING CLINICAL NOTES
334	2	713-714	[EMEDALGR] RECORDING PATIENT’S MEDICATIONS AND
335	2	715-716	[EMEDIDR] RECONCILING LISTS OF PATIENTS’ MEDICATIONS
336	2	717-718	[EREMINDR] REMINDERS FOR GUIDELINE-BASED
337	2	719-720	[ECPOER] ORDERING PRESCRIPTIONS
338	2	721-722	"[ESCRIPR] IF YES TO ORDERING PRESCRIPTIONS, ARE"
339	2	723-724	"[EWARNR] IF YES TO ORDERING PRESCRIPTIONS, ARE"
340	2	725-726	[ECONTR]  DO YOU PRESCRIBE CONTROLLED SUBSTANCES?
341	2	727-728	[ECONTSCRIPR] ARE PRESCRIPTIONS FOR CONTROLLED
342	2	729-730	[ECTOER] ORDERING LAB TESTS
343	2	731-732	[ERESULTR] VIEWING LAB RESULTS
344	2	733-734	[ERADIR] ORDERING RADIOLOGY TESTS
345	2	735-736	[EIMGRESR] VIEWING IMAGING RESULTS
346	2	737-738	[EIDPTR] IDENTIFYING PATIENTS DUE FOR PREVENTIVE OR
347	2	739-740	[EGENLISTR] GENERATING LISTS OF PATIENTS WITH
348	2	741-742	[EDATAREPR] PROVIDING DATA TO CREATE REPORTS ON
349	2	743-744	[ESUMR] PROVIDING PATIENTS WITH CLINICAL SUMMARIES
350	2	745-746	[EMSGR] EXCHANGING SECURE MESSAGES WITH PATIENTS
351	2	747-748	[REFOUT] DO YOU REFER ANY OF YOUR PATIENTS TO A
352	2	749-750	[REF_ELE] HOW DO YOU SEND PATIENT HEALTH
353	2	751-752	[REF_PAPER] HOW DO YOU SEND PATIENT HEALTH
354	2	753-754	[NO_REF] HOW DO YOU SEND PATIENT HEALTH
355	2	755-756	[REFOUTHOWUNK] HOW DO YOU SEND PATIENT HEALTH
356	2	757-758	[REFOUTHOWREF] HOW DO YOU SEND PATIENT HEALTH
357	2	759-760	[REFIN] DO YOU SEE PATIENTS REFERRED TO YOU BY
358	2	761-762	[REC_ELE] HOW DO YOU RECEIVE PATIENT HEALTH
359	2	763-764	[REC_PAPER] HOW DO YOU RECEIVE PATIENT HEALTH
360	2	765-766	[NO_REC] HOW DO YOU RECEIVE PATIENT HEALTH
361	2	767-768	[REFINHOWUNK] HOW DO YOU RECEIVE PATIENT HEALTH
362	2	769-770	[REFINHOWREF] HOW DO YOU RECEIVE PATIENT HEALTH
363	2	771-772	[ESHARE] DO YOU SEND OR RECEIVE PATIENT HEALTH
364	2	773-774	[ESHARES] DO YOU ELECTRONICALLY SEND PATIENT HEALTH
365	2	775-776	[ESHARER] DO YOU ELECTRONICALLY RECEIVE PATIENT
366	2	777-778	[DISCHSR_SEND] DO YOU ELECTRONICALLY SEND OR
367	2	779-780	[DISCHSR_REC] DO YOU ELECTRONICALLY SEND OR
368	2	781-782	[DISCHSR_NO] DO YOU ELECTRONICALLY SEND OR
369	2	783-784	[DISCHSR_UNK] DO YOU ELECTRONICALLY SEND OR
370	2	785-786	DISCHSR_REF] DO YOU ELECTRONICALLY SEND OR
371	2	787-788	[EEDSR_SEND] DO YOU ELECTRONICALLY SEND OR RECEIVE
372	2	789-790	[EEDSR_REC] DO YOU ELECTRONICALLY SEND OR RECEIVE
373	2	791-792	[EEDSR_NO] DO YOU ELECTRONICALLY SEND OR RECEIVE
374	2	793-794	[EEDSR_UNK] DO YOU ELECTRONICALLY SEND OR RECEIVE
375	2	795-796	[EEDSR_REF] DO YOU ELECTRONICALLY SEND OR RECEIVE
376	2	797-798	[ESUMCSR_SEND] DO YOU ELECTRONICALLY SEND OR
377	2	799-800	[ESUMCSR_REC] DO YOU ELECTRONICALLY SEND OR
378	2	801-802	[ESUMCSR_NO] DO YOU ELECTRONICALLY SEND OR
379	2	803-804	[ESUMCSR_UNK] DO YOU ELECTRONICALLY SEND OR
380	2	805-806	[ESUMCSR_REF] DO YOU ELECTRONICALLY SEND OR
381	2	807-808	[PTONLINE_VIEW] CAN PATIENTS SEEN AT THE REPORTING
382	2	809-810	[PTONLINE_DOWN] CAN PATIENTS SEEN AT THE REPORTING
383	2	811-812	[PTONLINE_REQ] CAN PATIENTS SEEN AT THE REPORTING
384	2	813-814	[PTONLINE_ENTER] CAN PATIENTS SEEN AT THE REPORTING
385	2	815-816	[PTONLINE_UPLOAD] CAN PATIENTS SEEN AT THE REPORTING
386	2	817-818	[PTONLINE_NO] CAN PATIENTS SEEN AT THE REPORTING
387	2	819-820	[PTONLINE_UNK] CAN PATIENTS SEEN AT THE REPORTING
388	2	821-822	[PTONLINE_REF] CAN PATIENTS SEEN AT THE REPORTING
389	2	823-824	"[PRMCARER] Roughly, what percent of your patient care"
390	2	825-826	"[PRMAIDR] Roughly, what percent of your patient care"
391	2	827-828	"[PRPRVTR] Roughly, what percent of your patient care"
392	2	829-830	"[PRPATR] Roughly, what percent of your patient care"
393	2	831-832	"[PROTHR] Roughly, what percent of your patient care"
394	2	833-834	"[PRMANR] Roughly, what percentage of the patient care"
395	2	835-836	"[REVFFSR] Roughly, what percent of your patient care"
396	2	837-838	"[REVCAPR] Roughly, what percent of your patient care"
397	2	839-840	"[REVCASER] Roughly, what percent of your patient care"
398	2	841-842	"[REVOTHR] Roughly, what percent of your patient care"
399	2	843-844	[ACEPTNEW] Are you currently accepting “new” patients
400	2	845-846	"[CAPITATE] From those “new” patients, which of the following"
401	2	847-848	"[NOCAP] From those “new” patients, which of the following"
402	2	849-850	[PRIVATE] (Derived from responses to CAPITATE and NOCAP)
403	2	851-852	"[NMEDCARE] From those “new” patients, which of the"
404	2	853-854	"[NMEDCAID] From those “new” patients, which of the following"
405	2	855-856	"[NWORKCMP] From those “new” patients, which of the"
406	2	857-858	"[NSELFPAY] From those “new” patients, which of the following"
407	2	859-860	"[NNOCHRGE] From those “new” patients, which of the"
408	2	861-862	[PHYSCOMP] WHICH OF THE FOLLOWING METHODS BEST
409	2	863-864	[COMPPROD]  FACTORS THAT REFLECT YOUR OWN
410	2	865-866	[COMPSAT] RESULTS OF SATISFACTION SURVEYS FROM YOUR
411	2	867-868	"[COMPQUAL] SPECIFIC MEASURES OF QUALITY, SUCH AS"
412	2	869-870	"[COMPDROF] RESULTS OF PRACTICE PROFILING, THAT IS,"
413	2	871-872	[COMPFIN] THE OVERALL FINANCIAL PERFORMANCE OF THE
414	2	873-874	[COMPUNK] UNKNOWN
415	2	875-876	[COMPREF] REFUSED TO ANSWER
416	2	877-878	[SASDAPPT] Does your practice set time aside for same day
417	3	879-881	[SDAPPTPCT] If your practice sets aside time for same day
418	2	882-883	"[APPTTIME] On average, about how long does it take to get an"
419	1	884	[REGIONOFF] GEOGRAPHIC REGION
420	1	885	[MSA] METROPOLITAN/NON-METROPOLITAN STATUS
421	6	886-891	[DRUGID1] DRUG ID (See page 164 for more information.)
422	1	892	[PRESCR1] PRESCRIPTION STATUS CODE
423	1	893	[CONTSUB1] CONTROLLED SUBSTANCE STATUS CODE
424	1	894	[COMSTAT1] COMPOSITION STATUS CODE
425	3	895-897	[RX1CAT1] MULTUM DRUG CATEGORY # 1
426	3	898-900	[RX1CAT2] MULTUM DRUG CATEGORY # 2
427	3	901-903	[RX1CAT3] MULTUM DRUG CATEGORY # 3
428	3	904-906	[RX1CAT4] MULTUM DRUG CATEGORY # 4
429	3	907-909	[RX1V1C1] Level 1 of MULTUM DRUG CATEGORY # 1
430	3	910-912	[RX1V1C2] Level 1 of MULTUM DRUG CATEGORY # 2
431	3	913-915	[RX1V1C3] Level 1 of MULTUM DRUG CATEGORY # 3
432	3	916-918	[RX1V1C4] Level 1 of MULTUM DRUG CATEGORY # 4
433	3	919-921	[RX1V2C1] Level 2 of MULTUM DRUG CATEGORY # 1
434	3	922-924	[RX1V2C2] Level 2 of MULTUM DRUG CATEGORY # 2
435	3	925-927	[RX1V2C3] Level 2 of MULTUM DRUG CATEGORY # 3
436	3	928-930	[RX1V2C4] Level 2 of MULTUM DRUG CATEGORY # 4
437	3	931-933	[RX1V3C1] Level 3 of MULTUM DRUG CATEGORY # 1
438	3	934-936	[RX1V3C2] Level 3 of MULTUM DRUG CATEGORY # 2
439	3	937-939	[RX1V3C3] Level 3 of MULTUM DRUG CATEGORY # 3
440	3	940-942	[RX1V3C4] Level 3 of MULTUM DRUG CATEGORY # 4
441	6	943-948	[DRUGID2] DRUG ID
442	1	949	[PRESCR2] PRESCRIPTION STATUS CODE
443	1	950	[CONTSUB2] CONTROLLED SUBSTANCE STATUS CODE
444	1	951	[COMSTAT2] COMPOSITION STATUS CODE
445	3	952-954	[RX2CAT1] MULTUM DRUG CATEGORY # 1
446	3	955-957	[RX2CAT2] MULTUM DRUG CATEGORY # 2
447	3	958-960	[RX2CAT3] MULTUM DRUG CATEGORY # 3
448	3	961-963	[RX2CAT4] MULTUM DRUG CATEGORY # 4
449	3	964-966	[RX2V1C1] Level 1 of MULTUM DRUG CATEGORY # 1
450	3	967-969	[RX2V1C2] Level 1 of MULTUM DRUG CATEGORY # 2
451	3	970-972	[RX2V1C3] Level 1 of MULTUM DRUG CATEGORY # 3
452	3	973-975	[RX2V1C4] Level 1 of MULTUM DRUG CATEGORY # 4
453	3	976-978	[RX2V2C1] Level 2 of MULTUM DRUG CATEGORY # 1
454	3	979-981	[RX2V2C2] Level 2 of MULTUM DRUG CATEGORY # 2
455	3	982-984	[RX2V2C3] Level 2 of MULTUM DRUG CATEGORY # 3
456	3	985-987	[RX2V2C4] Level 2 of MULTUM DRUG CATEGORY # 4
457	3	988-990	[RX2V3C1] Level 3 of MULTUM DRUG CATEGORY # 1
458	3	991-993	[RX2V3C2] Level 3 of MULTUM DRUG CATEGORY # 2
459	3	994-996	[RX2V3C3] Level 3 of MULTUM DRUG CATEGORY # 3
460	3	997-999	[RX2V3C4] Level 3 of MULTUM DRUG CATEGORY # 4
461	6	1000-1005	[DRUGID3] DRUG ID
462	1	1006	[PRESCR3] PRESCRIPTION STATUS CODE
463	1	1007	[CONTSUB3] CONTROLLED SUBSTANCE STATUS CODE
464	1	1008	[COMSTAT3] COMPOSITION STATUS CODE
465	3	1009-1011	[RX3CAT1] MULTUM DRUG CATEGORY # 1
466	3	1012-1014	[RX3CAT2] MULTUM DRUG CATEGORY # 2
467	3	1015-1017	[RX3CAT3] MULTUM DRUG CATEGORY # 3
468	3	1018-1020	[RX3CAT4] MULTUM DRUG CATEGORY # 4
469	3	1021-1023	[RX3V1C1] Level 1 of MULTUM DRUG CATEGORY # 1
470	3	1024-1026	[RX3V1C2] Level 1 of MULTUM DRUG CATEGORY # 2
471	3	1027-1029	[RX3V1C3] Level 1 of MULTUM DRUG CATEGORY # 3
472	3	1030-1032	[RX3V1C4] Level 1 of MULTUM DRUG CATEGORY # 4
473	3	1033-1035	[RX3V2C1] Level 2 of MULTUM DRUG CATEGORY # 1
474	3	1036-1038	[RX3V2C2] Level 2 of MULTUM DRUG CATEGORY # 2
475	3	1039-1041	[RX3V2C3] Level 2 of MULTUM DRUG CATEGORY # 3
476	3	1042-1044	[RX3V2C4] Level 2 of MULTUM DRUG CATEGORY # 4
477	3	1045-1047	[RX3V3C1] Level 3 of MULTUM DRUG CATEGORY # 1
478	3	1048-1050	[RX3V3C2] Level 3 of MULTUM DRUG CATEGORY # 2
479	3	1051-1053	[RX3V3C3] Level 3 of MULTUM DRUG CATEGORY # 3
480	3	1054-1056	[RX3V3C4] Level 3 of MULTUM DRUG CATEGORY # 4
481	6	1057-1062	[DRUGID4] DRUG ID
482	1	1063	[PRESCR4] PRESCRIPTION STATUS CODE
483	1	1064	[CONTSUB4] CONTROLLED SUBSTANCE STATUS CODE
484	1	1065	[COMSTAT4] COMPOSITION STATUS CODE
485	3	1066-1068	[RX4CAT1] MULTUM DRUG CATEGORY # 1
486	3	1069-1071	[RX4CAT2] MULTUM DRUG CATEGORY # 2
487	3	1072-1074	[RX4CAT3] MULTUM DRUG CATEGORY # 3
488	3	1075-1077	[RX4CAT4] MULTUM DRUG CATEGORY # 4
489	3	1078-1080	[RX4V1C1] Level 1 of MULTUM DRUG CATEGORY # 1
490	3	1081-1083	[RX4V1C2] Level 1 of MULTUM DRUG CATEGORY # 2
491	3	1084-1086	[RX4V1C3] Level 1 of MULTUM DRUG CATEGORY # 3
492	3	1087-1089	[RX4V1C4] Level 1 of MULTUM DRUG CATEGORY # 4
493	3	1090-1092	[RX4V2C1] Level 2 of MULTUM DRUG CATEGORY # 1
494	3	1093-1095	[RX4V2C2] Level 2 of MULTUM DRUG CATEGORY # 2
495	3	1096-1098	[RX4V2C3] Level 2 of MULTUM DRUG CATEGORY # 3
496	3	1099-1101	[RX4V2C4] Level 2 of MULTUM DRUG CATEGORY # 4
497	3	1102-1104	[RX4V3C1] Level 3 of MULTUM DRUG CATEGORY # 1
498	3	1105-1107	[RX4V3C2] Level 3 of MULTUM DRUG CATEGORY # 2
499	3	1108-1110	[RX4V3C3] Level 3 of MULTUM DRUG CATEGORY # 3
500	3	1111-1113	[RX4V3C4] Level 3 of MULTUM DRUG CATEGORY # 4
501	6	1114-1119	[DRUGID5] DRUG ID
502	1	1120	[PRESCR5] PRESCRIPTION STATUS CODE
503	1	1121	[CONTSUB5] CONTROLLED SUBSTANCE STATUS CODE
504	1	1122	[COMSTAT5] COMPOSITION STATUS CODE
505	3	1123-1125	[RX5CAT1] MULTUM DRUG CATEGORY # 1
506	3	1126-1128	[RX5CAT2] MULTUM DRUG CATEGORY # 2
507	3	1129-1131	[RX5CAT3] MULTUM DRUG CATEGORY # 3
508	3	1132-1134	[RX5CAT4] MULTUM DRUG CATEGORY # 4
509	3	1135-1137	[RX5V1C1] Level 1 of MULTUM DRUG CATEGORY # 1
510	3	1138-1140	[RX5V1C2] Level 1 of MULTUM DRUG CATEGORY # 2
511	3	1141-1143	[RX5V1C3] Level 1 of MULTUM DRUG CATEGORY # 3
512	3	1144-1146	[RX5V1C4] Level 1 of MULTUM DRUG CATEGORY # 4
513	3	1147-1149	[RX5V2C1] Level 2 of MULTUM DRUG CATEGORY # 1
514	3	1150-1152	[RX5V2C2] Level 2 of MULTUM DRUG CATEGORY # 2
515	3	1153-1155	[RX5V2C3] Level 2 of MULTUM DRUG CATEGORY # 3
516	3	1156-1158	[RX5V2C4] Level 2 of MULTUM DRUG CATEGORY # 4
517	3	1159-1161	[RX5V3C1] Level 3 of MULTUM DRUG CATEGORY # 1
518	3	1162-1164	[RX5V3C2] Level 3 of MULTUM DRUG CATEGORY # 2
519	3	1165-1167	[RX5V3C3] Level 3 of MULTUM DRUG CATEGORY # 3
520	3	1168-1170	[RX5V3C4] Level 3 of MULTUM DRUG CATEGORY # 4
521	6	1171-1176	[DRUGID6] DRUG ID
522	1	1177	[PRESCR6] PRESCRIPTION STATUS CODE
523	1	1178	[CONTSUB6] CONTROLLED SUBSTANCE STATUS CODE
524	1	1179	[COMSTAT6] COMPOSITION STATUS CODE
525	3	1180-1182	[RX6CAT1] MULTUM DRUG CATEGORY # 1
526	3	1183-1185	[RX6CAT2] MULTUM DRUG CATEGORY # 2
527	3	1186-1188	[RX6CAT3] MULTUM DRUG CATEGORY # 3
528	3	1189-1191	[RX6CAT4] MULTUM DRUG CATEGORY # 4
529	3	1192-1194	[RX6V1C1] Level 1 of MULTUM DRUG CATEGORY # 1
530	3	1195-1197	[RX6V1C2] Level 1 of MULTUM DRUG CATEGORY # 2
531	3	1198-1200	[RX6V1C3] Level 1 of MULTUM DRUG CATEGORY # 3
532	3	1201-1203	[RX6V1C4] Level 1 of MULTUM DRUG CATEGORY # 4
533	3	1204-1206	[RX6V2C1] Level 2 of MULTUM DRUG CATEGORY # 1
534	3	1207-1209	[RX6V2C2] Level 2 of MULTUM DRUG CATEGORY # 2
535	3	1210-1212	[RX6V2C3] Level 2 of MULTUM DRUG CATEGORY # 3
536	3	1213-1215	[RX6V2C4] Level 2 of MULTUM DRUG CATEGORY # 4
537	3	1216-1218	[RX6V3C1] Level 3 of MULTUM DRUG CATEGORY # 1
538	3	1219-1221	[RX6V3C2] Level 3 of MULTUM DRUG CATEGORY # 2
539	3	1222-1224	[RX6V3C3] Level 3 of MULTUM DRUG CATEGORY # 3
540	3	1225-1227	[RX6V3C4] Level 3 of MULTUM DRUG CATEGORY # 4
541	6	1228-1233	[DRUGID7] DRUG ID
542	1	1234	[PRESCR7] PRESCRIPTION STATUS CODE
543	1	1235	[CONTSUB7] CONTROLLED SUBSTANCE STATUS CODE
544	1	1236	[COMSTAT7] COMPOSITION STATUS CODE
545	3	1237-1239	[RX7CAT1] MULTUM DRUG CATEGORY # 1
546	3	1240-1242	[RX7CAT2] MULTUM DRUG CATEGORY # 2
547	3	1243-1245	[RX7CAT3] MULTUM DRUG CATEGORY # 3
548	3	1246-1248	[RX7CAT4] MULTUM DRUG CATEGORY # 4
549	3	1249-1251	[RX7V1C1] Level 1 of MULTUM DRUG CATEGORY # 1
550	3	1252-1254	[RX7V1C2] Level 1 of MULTUM DRUG CATEGORY # 2
551	3	1255-1257	[RX7V1C3] Level 1 of MULTUM DRUG CATEGORY # 3
552	3	1258-1260	[RX7V1C4] Level 1 of MULTUM DRUG CATEGORY # 4
553	3	1261-1263	[RX7V2C1] Level 2 of MULTUM DRUG CATEGORY # 1
554	3	1264-1266	[RX7V2C2] Level 2 of MULTUM DRUG CATEGORY # 2
555	3	1267-1269	[RX7V2C3] Level 2 of MULTUM DRUG CATEGORY # 3
556	3	1270-1272	[RX7V2C4] Level 2 of MULTUM DRUG CATEGORY # 4
557	3	1273-1275	[RX7V3C1] Level 3 of MULTUM DRUG CATEGORY # 1
558	3	1276-1278	[RX7V3C2] Level 3 of MULTUM DRUG CATEGORY # 2
559	3	1279-1281	[RX7V3C3] Level 3 of MULTUM DRUG CATEGORY # 3
560	3	1282-1284	[RX7V3C4] Level 3 of MULTUM DRUG CATEGORY # 4
561	6	1285-1290	[DRUGID8] DRUG ID
562	1	1291	[PRESCR8] PRESCRIPTION STATUS CODE
563	1	1292	[CONTSUB8] CONTROLLED SUBSTANCE STATUS CODE
564	1	1293	[COMSTAT8] COMPOSITION STATUS CODE
565	3	1294-1296	[RX8CAT1] MULTUM DRUG CATEGORY # 1
566	3	1297-1299	[RX8CAT2] MULTUM DRUG CATEGORY # 2
567	3	1300-1302	[RX8CAT3] MULTUM DRUG CATEGORY # 3
568	3	1303-1305	[RX8CAT4] MULTUM DRUG CATEGORY # 4
569	3	1306-1308	[RX8V1C1] Level 1 of MULTUM DRUG CATEGORY # 1
570	3	1309-1311	[RX8V1C2] Level 1 of MULTUM DRUG CATEGORY # 2
571	3	1312-1314	[RX8V1C3] Level 1 of MULTUM DRUG CATEGORY # 3
572	3	1315-1317	[RX8V1C4] Level 1 of MULTUM DRUG CATEGORY # 4
573	3	1318-1320	[RX8V2C1] Level 2 of MULTUM DRUG CATEGORY # 1
574	3	1321-1323	[RX8V2C2] Level 2 of MULTUM DRUG CATEGORY # 2
575	3	1324-1326	[RX8V2C3] Level 2 of MULTUM DRUG CATEGORY # 3
576	3	1327-1329	[RX8V2C4] Level 2 of MULTUM DRUG CATEGORY # 4
577	3	1330-1332	[RX8V3C1] Level 3 of MULTUM DRUG CATEGORY # 1
578	3	1333-1335	[RX8V3C2] Level 3 of MULTUM DRUG CATEGORY # 2
579	3	1336-1338	[RX8V3C3] Level 3 of MULTUM DRUG CATEGORY # 3
580	3	1339-1341	[RX8V3C4] Level 3 of MULTUM DRUG CATEGORY # 4
581	6	1342-1347	[DRUGID9] DRUG ID
582	1	1348	[PRESCR9] PRESCRIPTION STATUS CODE
583	1	1349	[CONTSUB9] CONTROLLED SUBSTANCE STATUS CODE
584	1	1350	[COMSTAT9] COMPOSITION STATUS CODE
585	3	1351-1353	[RX9CAT1] MULTUM DRUG CATEGORY # 1
586	3	1354-1356	[RX9CAT2] MULTUM DRUG CATEGORY # 2
587	3	1357-1359	[RX9CAT3] MULTUM DRUG CATEGORY # 3
588	3	1360-1362	[RX9CAT4] MULTUM DRUG CATEGORY # 4
589	3	1363-1365	[RX9V1C1] Level 1 of MULTUM DRUG CATEGORY # 1
590	3	1366-1368	[RX9V1C2] Level 1 of MULTUM DRUG CATEGORY # 2
591	3	1369-1371	[RX9V1C3] Level 1 of MULTUM DRUG CATEGORY # 3
592	3	1372-1374	[RX9V1C4] Level 1 of MULTUM DRUG CATEGORY # 4
593	3	1375-1377	[RX9V2C1] Level 2 of MULTUM DRUG CATEGORY # 1
594	3	1378-1380	[RX9V2C2] Level 2 of MULTUM DRUG CATEGORY # 2
595	3	1381-1383	[RX9V2C3] Level 2 of MULTUM DRUG CATEGORY # 3
596	3	1384-1386	[RX9V2C4] Level 2 of MULTUM DRUG CATEGORY # 4
597	3	1387-1389	[RX9V3C1] Level 3 of MULTUM DRUG CATEGORY # 1
598	3	1390-1392	[RX9V3C2] Level 3 of MULTUM DRUG CATEGORY # 2
599	3	1393-1395	[RX9V3C3] Level 3 of MULTUM DRUG CATEGORY # 3
600	3	1396-1398	[RX9V3C4] Level 3 of MULTUM DRUG CATEGORY # 4
601	6	1399-1404	[DRUGID10] DRUG ID
602	1	1405	[PRESCR10] PRESCRIPTION STATUS CODE
603	1	1406	[CONTSUB10] CONTROLLED SUBSTANCE STATUS CODE
604	1	1407	[COMSTAT10] COMPOSITION STATUS CODE
605	3	1408-1410	[RX10CAT1] MULTUM DRUG CATEGORY # 1
606	3	1411-1413	[RX10CAT2] MULTUM DRUG CATEGORY # 2
607	3	1414-1416	[RX10CAT3] MULTUM DRUG CATEGORY # 3
608	3	1417-1419	[RX10CAT4] MULTUM DRUG CATEGORY # 4
609	3	1420-1422	[RX10V1C1] Level 1 of MULTUM DRUG CATEGORY # 1
610	3	1423-1425	[RX10V1C2] Level 1 of MULTUM DRUG CATEGORY # 2
611	3	1426-1428	[RX10V1C3] Level 1 of MULTUM DRUG CATEGORY # 3
612	3	1429-1431	[RX10V1C4] Level 1 of MULTUM DRUG CATEGORY # 4
613	3	1432-1434	[RX10V2C1] Level 2 of MULTUM DRUG CATEGORY # 1
614	3	1435-1437	[RX10V2C2] Level 2 of MULTUM DRUG CATEGORY # 2
615	3	1438-1440	[RX10V2C3] Level 2 of MULTUM DRUG CATEGORY # 3
616	3	1441-1443	[RX10V2C4] Level 2 of MULTUM DRUG CATEGORY # 4
617	3	1444-1446	[RX10V3C1] Level 3 of MULTUM DRUG CATEGORY # 1
618	3	1447-1449	[RX10V3C2] Level 3 of MULTUM DRUG CATEGORY # 2
619	3	1450-1452	[RX10V3C3] Level 3 of MULTUM DRUG CATEGORY # 3
620	3	1453-1455	[RX10V3C4] Level 3 of MULTUM DRUG CATEGORY # 4
621	6	1456-1461	[DRUGID11] DRUG ID
622	1	1462	[PRESCR11] PRESCRIPTION STATUS CODE
623	1	1463	[CONTSUB11] CONTROLLED SUBSTANCE STATUS CODE
624	1	1464	[COMSTAT11] COMPOSITION STATUS CODE
625	3	1465-1467	[RX11CAT1] MULTUM DRUG CATEGORY # 1
626	3	1468-1470	[RX11CAT2] MULTUM DRUG CATEGORY # 2
627	3	1471-1473	[RX11CAT3] MULTUM DRUG CATEGORY # 3
628	3	1474-1476	[RX11CAT4] MULTUM DRUG CATEGORY # 4
629	3	1477-1479	[RX11V1C1] Level 1 of MULTUM DRUG CATEGORY # 1
630	3	1480-1482	[RX11V1C2] Level 1 of MULTUM DRUG CATEGORY # 2
631	3	1483-1485	[RX11V1C3] Level 1 of MULTUM DRUG CATEGORY # 3
632	3	1486-1488	[RX11V1C4] Level 1 of MULTUM DRUG CATEGORY # 4
633	3	1489-1491	[RX11V2C1] Level 2 of MULTUM DRUG CATEGORY # 1
634	3	1492-1494	[RX11V2C2] Level 2 of MULTUM DRUG CATEGORY # 2
635	3	1495-1497	[RX11V2C3] Level 2 of MULTUM DRUG CATEGORY # 3
636	3	1498-1500	[RX11V2C4] Level 2 of MULTUM DRUG CATEGORY # 4
637	3	1501-1503	[RX11V3C1] Level 3 of MULTUM DRUG CATEGORY # 1
638	3	1504-1506	[RX11V3C2] Level 3 of MULTUM DRUG CATEGORY # 2
639	3	1507-1509	[RX11V3C3] Level 3 of MULTUM DRUG CATEGORY # 3
640	3	1510-1512	[RX11V3C4] Level 3 of MULTUM DRUG CATEGORY # 4
641	6	1513-1518	[DRUGID12] DRUG ID
642	1	1519	[PRESCR12] PRESCRIPTION STATUS CODE
643	1	1520	[CONTSUB12] CONTROLLED SUBSTANCE STATUS CODE
644	1	1521	[COMSTAT12] COMPOSITION STATUS CODE
645	3	1522-1524	[RX12CAT1] MULTUM DRUG CATEGORY # 1
646	3	1525-1527	[RX12CAT2] MULTUM DRUG CATEGORY # 2
647	3	1528-1530	[RX12CAT3] MULTUM DRUG CATEGORY # 3
648	3	1531-1533	[RX12CAT4] MULTUM DRUG CATEGORY # 4
649	3	1534-1536	[RX12V1C1] Level 1 of MULTUM DRUG CATEGORY # 1
650	3	1537-1539	[RX12V1C2] Level 1 of MULTUM DRUG CATEGORY # 2
651	3	1540-1542	[RX12V1C3] Level 1 of MULTUM DRUG CATEGORY # 3
652	3	1543-1545	[RX12V1C4] Level 1 of MULTUM DRUG CATEGORY # 4
653	3	1546-1548	[RX12V2C1] Level 2 of MULTUM DRUG CATEGORY # 1
654	3	1549-1551	[RX12V2C2] Level 2 of MULTUM DRUG CATEGORY # 2
655	3	1552-1554	[RX12V2C3] Level 2 of MULTUM DRUG CATEGORY # 3
656	3	1555-1557	[RX12V2C4] Level 2 of MULTUM DRUG CATEGORY # 4
657	3	1558-1560	[RX12V3C1] Level 3 of MULTUM DRUG CATEGORY # 1
658	3	1561-1563	[RX12V3C2] Level 3 of MULTUM DRUG CATEGORY # 2
659	3	1564-1566	[RX12V3C3] Level 3 of MULTUM DRUG CATEGORY # 3
660	3	1567-1569	[RX12V3C4] Level 3 of MULTUM DRUG CATEGORY # 4
661	6	1570-1575	[DRUGID13] DRUG ID
662	1	1576	[PRESCR13] PRESCRIPTION STATUS CODE
663	1	1577	[CONTSUB13] CONTROLLED SUBSTANCE STATUS CODE
664	1	1578	[COMSTAT13] COMPOSITION STATUS CODE
665	3	1579-1581	[RX13CAT1] MULTUM DRUG CATEGORY # 1
666	3	1582-1584	[RX13CAT2] MULTUM DRUG CATEGORY # 2
667	3	1585-1587	[RX13CAT3] MULTUM DRUG CATEGORY # 3
668	3	1588-1590	[RX13CAT4] MULTUM DRUG CATEGORY # 4
669	3	1591-1593	[RX13V1C1] Level 1 of MULTUM DRUG CATEGORY # 1
670	3	1594-1596	[RX13V1C2] Level 1 of MULTUM DRUG CATEGORY # 2
671	3	1597-1599	[RX13V1C3] Level 1 of MULTUM DRUG CATEGORY # 3
672	3	1600-1602	[RX13V1C4] Level 1 of MULTUM DRUG CATEGORY # 4
673	3	1603-1605	[RX13V2C1] Level 2 of MULTUM DRUG CATEGORY # 1
674	3	1606-1608	[RX13V2C2] Level 2 of MULTUM DRUG CATEGORY # 2
675	3	1609-1611	[RX13V2C3] Level 2 of MULTUM DRUG CATEGORY # 3
676	3	1612-1614	[RX13V2C4] Level 2 of MULTUM DRUG CATEGORY # 4
677	3	1615-1617	[RX13V3C1] Level 3 of MULTUM DRUG CATEGORY # 1
678	3	1618-1620	[RX13V3C2] Level 3 of MULTUM DRUG CATEGORY # 2
679	3	1621-1623	[RX13V3C3] Level 3 of MULTUM DRUG CATEGORY # 3
680	3	1624-1626	[RX13V3C4] Level 3 of MULTUM DRUG CATEGORY # 4
681	6	1627-1632	[DRUGID14] DRUG ID
682	1	1633	[PRESCR14] PRESCRIPTION STATUS CODE
683	1	1634	[CONTSUB14] CONTROLLED SUBSTANCE STATUS CODE
684	1	1635	[COMSTAT14] COMPOSITION STATUS CODE
685	3	1636-1638	[RX14CAT1] MULTUM DRUG CATEGORY # 1
686	3	1639-1641	[RX14CAT2] MULTUM DRUG CATEGORY # 2
687	3	1642-1644	[RX14CAT3] MULTUM DRUG CATEGORY # 3
688	3	1645-1647	[RX14CAT4] MULTUM DRUG CATEGORY # 4
689	3	1648-1650	[RX14V1C1] Level 1 of MULTUM DRUG CATEGORY # 1
690	3	1651-1653	[RX14V1C2] Level 1 of MULTUM DRUG CATEGORY # 2
691	3	1654-1656	[RX14V1C3] Level 1 of MULTUM DRUG CATEGORY # 3
692	3	1657-1659	[RX14V1C4] Level 1 of MULTUM DRUG CATEGORY # 4
693	3	1660-1662	[RX14V2C1] Level 2 of MULTUM DRUG CATEGORY # 1
694	3	1663-1665	[RX14V2C2] Level 2 of MULTUM DRUG CATEGORY # 2
695	3	1666-1668	[RX14V2C3] Level 2 of MULTUM DRUG CATEGORY # 3
696	3	1669-1671	[RX14V2C4] Level 2 of MULTUM DRUG CATEGORY # 4
697	3	1672-1674	[RX14V3C1] Level 3 of MULTUM DRUG CATEGORY # 1
698	3	1675-1677	[RX14V3C2] Level 3 of MULTUM DRUG CATEGORY # 2
699	3	1678-1680	[RX14V3C3] Level 3 of MULTUM DRUG CATEGORY # 3
700	3	1681-1683	[RX14V3C4] Level 3 of MULTUM DRUG CATEGORY # 4
701	6	1684-1689	[DRUGID15] DRUG ID
702	1	1690	[PRESCR15] PRESCRIPTION STATUS CODE
703	1	1691	[CONTSUB15] CONTROLLED SUBSTANCE STATUS CODE
704	1	1692	[COMSTAT15] COMPOSITION STATUS CODE
705	3	1693-1695	[RX15CAT1] MULTUM DRUG CATEGORY # 1
706	3	1696-1698	[RX15CAT2] MULTUM DRUG CATEGORY # 2
707	3	1699-1701	[RX15CAT3] MULTUM DRUG CATEGORY # 3
708	3	1702-1704	[RX15CAT4] MULTUM DRUG CATEGORY # 4
709	3	1705-1707	[RX15V1C1] Level 1 of MULTUM DRUG CATEGORY # 1
710	3	1708-1710	[RX15V1C2] Level 1 of MULTUM DRUG CATEGORY # 2
711	3	1711-1713	[RX15V1C3] Level 1 of MULTUM DRUG CATEGORY # 3
712	3	1714-1716	[RX15V1C4] Level 1 of MULTUM DRUG CATEGORY # 4
713	3	1717-1719	[RX15V2C1] Level 2 of MULTUM DRUG CATEGORY # 1
714	3	1720-1722	[RX15V2C2] Level 2 of MULTUM DRUG CATEGORY # 2
715	3	1723-1725	[RX15V2C3] Level 2 of MULTUM DRUG CATEGORY # 3
716	3	1726-1728	[RX15V2C4] Level 2 of MULTUM DRUG CATEGORY # 4
717	3	1729-1731	[RX15V3C1] Level 3 of MULTUM DRUG CATEGORY # 1
718	3	1732-1734	[RX15V3C2] Level 3 of MULTUM DRUG CATEGORY # 2
719	3	1735-1737	[RX15V3C3] Level 3 of MULTUM DRUG CATEGORY # 3
720	3	1738-1740	[RX15V3C4] Level 3 of MULTUM DRUG CATEGORY # 4
721	6	1741-1746	[DRUGID16] DRUG ID
722	1	1747	[PRESCR16] PRESCRIPTION STATUS CODE
723	1	1748	[CONTSUB16] CONTROLLED SUBSTANCE STATUS CODE
724	1	1749	[COMSTAT16] COMPOSITION STATUS CODE
725	3	1750-1752	[RX16CAT1] MULTUM DRUG CATEGORY # 1
726	3	1753-1755	[RX16CAT2] MULTUM DRUG CATEGORY # 2
727	3	1756-1758	[RX16CAT3] MULTUM DRUG CATEGORY # 3
728	3	1759-1761	[RX16CAT4] MULTUM DRUG CATEGORY # 4
729	3	1762-1764	[RX16V1C1] Level 1 of MULTUM DRUG CATEGORY # 1
730	3	1765-1767	[RX16V1C2] Level 1 of MULTUM DRUG CATEGORY # 2
731	3	1768-1770	[RX16V1C3] Level 1 of MULTUM DRUG CATEGORY # 3
732	3	1771-1773	[RX16V1C4] Level 1 of MULTUM DRUG CATEGORY # 4
733	3	1774-1776	[RX16V2C1] Level 2 of MULTUM DRUG CATEGORY # 1
734	3	1777-1779	[RX16V2C2] Level 2 of MULTUM DRUG CATEGORY # 2
735	3	1780-1782	[RX16V2C3] Level 2 of MULTUM DRUG CATEGORY # 3
736	3	1783-1785	[RX16V2C4] Level 2 of MULTUM DRUG CATEGORY # 4
737	3	1786-1788	[RX16V3C1] Level 3 of MULTUM DRUG CATEGORY # 1
738	3	1789-1791	[RX16V3C2] Level 3 of MULTUM DRUG CATEGORY # 2
739	3	1792-1794	[RX16V3C3] Level 3 of MULTUM DRUG CATEGORY # 3
740	3	1795-1797	[RX16V3C4] Level 3 of MULTUM DRUG CATEGORY # 4
741	6	1798-1803	[DRUGID17] DRUG ID
742	1	1804	[PRESCR17] PRESCRIPTION STATUS CODE
743	1	1805	[CONTSUB17] CONTROLLED SUBSTANCE STATUS CODE
744	1	1806	[COMSTAT17] COMPOSITION STATUS CODE
745	3	1807-1809	[RX17CAT1] MULTUM DRUG CATEGORY # 1
746	3	1810-1812	[RX17CAT2] MULTUM DRUG CATEGORY # 2
747	3	1813-1815	[RX17CAT3] MULTUM DRUG CATEGORY # 3
748	3	1816-1818	[RX17CAT4] MULTUM DRUG CATEGORY # 4
749	3	1819-1821	[RX17V1C1] Level 1 of MULTUM DRUG CATEGORY # 1
750	3	1822-1824	[RX17V1C2] Level 1 of MULTUM DRUG CATEGORY # 2
751	3	1825-1827	[RX17V1C3] Level 1 of MULTUM DRUG CATEGORY # 3
752	3	1828-1830	[RX17V1C4] Level 1 of MULTUM DRUG CATEGORY # 4
753	3	1831-1833	[RX17V2C1] Level 2 of MULTUM DRUG CATEGORY # 1
754	3	1834-1836	[RX17V2C2] Level 2 of MULTUM DRUG CATEGORY # 2
755	3	1837-1839	[RX17V2C3] Level 2 of MULTUM DRUG CATEGORY # 3
756	3	1840-1842	[RX17V2C4] Level 2 of MULTUM DRUG CATEGORY # 4
757	3	1843-1845	[RX17V3C1] Level 3 of MULTUM DRUG CATEGORY # 1
758	3	1846-1848	[RX17V3C2] Level 3 of MULTUM DRUG CATEGORY # 2
759	3	1849-1851	[RX17V3C3] Level 3 of MULTUM DRUG CATEGORY # 3
760	3	1852-1854	[RX17V3C4] Level 3 of MULTUM DRUG CATEGORY # 4
761	6	1855-1860	[DRUGID18] DRUG ID
762	1	1861	[PRESCR18] PRESCRIPTION STATUS CODE
763	1	1862	[CONTSUB18] CONTROLLED SUBSTANCE STATUS CODE
764	1	1863	[COMSTAT18] COMPOSITION STATUS CODE
765	3	1864-1866	[RX18CAT1] MULTUM DRUG CATEGORY # 1
766	3	1867-1869	[RX18CAT2] MULTUM DRUG CATEGORY # 2
767	3	1870-1872	[RX18CAT3] MULTUM DRUG CATEGORY # 3
768	3	1873-1875	[RX18CAT4] MULTUM DRUG CATEGORY # 4
769	3	1876-1878	[RX18V1C1] Level 1 of MULTUM DRUG CATEGORY # 1
770	3	1879-1881	[RX18V1C2] Level 1 of MULTUM DRUG CATEGORY # 2
771	3	1882-1884	[RX18V1C3] Level 1 of MULTUM DRUG CATEGORY # 3
772	3	1885-1887	[RX18V1C4] Level 1 of MULTUM DRUG CATEGORY # 4
773	3	1888-1890	[RX18V2C1] Level 2 of MULTUM DRUG CATEGORY # 1
774	3	1891-1893	[RX18V2C2] Level 2 of MULTUM DRUG CATEGORY # 2
775	3	1894-1896	[RX18V2C3] Level 2 of MULTUM DRUG CATEGORY # 3
776	3	1897-1899	[RX18V2C4] Level 2 of MULTUM DRUG CATEGORY # 4
777	3	1900-1902	[RX18V3C1] Level 3 of MULTUM DRUG CATEGORY # 1
778	3	1903-1905	[RX18V3C2] Level 3 of MULTUM DRUG CATEGORY # 2
778	3	1906-1908	[RX18V3C3] Level 3 of MULTUM DRUG CATEGORY # 3
780	3	1909-1911	[RX18V3C4] Level 3 of MULTUM DRUG CATEGORY # 4
781	6	1912-1917	[DRUGID19] DRUG ID
782	1	1918	[PRESCR19] PRESCRIPTION STATUS CODE
783	1	1919	[CONTSUB19] CONTROLLED SUBSTANCE STATUS CODE
784	1	1920	[COMSTAT19] COMPOSITION STATUS CODE
785	3	1921-1923	[RX19CAT1] MULTUM DRUG CATEGORY # 1
786	3	1924-1926	[RX19CAT2] MULTUM DRUG CATEGORY # 2
787	3	1927-1929	[RX19CAT3] MULTUM DRUG CATEGORY # 3
788	3	1930-1932	[RX19CAT4] MULTUM DRUG CATEGORY # 4
789	3	1933-1935	[RX19V1C1] Level 1 of MULTUM DRUG CATEGORY # 1
790	3	1936-1938	[RX19V1C2] Level 1 of MULTUM DRUG CATEGORY # 2
791	3	1939-1941	[RX19V1C3] Level 1 of MULTUM DRUG CATEGORY # 3
792	3	1942-1944	[RX19V1C4] Level 1 of MULTUM DRUG CATEGORY # 4
793	3	1945-1947	[RX19V2C1] Level 2 of MULTUM DRUG CATEGORY # 1
794	3	1948-1950	[RX19V2C2] Level 2 of MULTUM DRUG CATEGORY # 2
795	3	1951-1953	[RX19V2C3] Level 2 of MULTUM DRUG CATEGORY # 3
796	3	1954-1956	[RX19V2C4] Level 2 of MULTUM DRUG CATEGORY # 4
797	3	1957-1959	[RX19V3C1] Level 3 of MULTUM DRUG CATEGORY # 1
798	3	1960-1962	[RX19V3C2] Level 3 of MULTUM DRUG CATEGORY # 2
799	3	1963-1965	[RX19V3C3] Level 3 of MULTUM DRUG CATEGORY # 3
800	3	1966-1968	[RX19V3C4] Level 3 of MULTUM DRUG CATEGORY # 4
801	6	1969-1974	[DRUGID20] DRUG ID
802	1	1975	[PRESCR20] PRESCRIPTION STATUS CODE
803	1	1976	[CONTSUB20] CONTROLLED SUBSTANCE STATUS CODE
804	1	1977	[COMSTAT20] COMPOSITION STATUS CODE
805	3	1978-1980	[RX20CAT1] MULTUM DRUG CATEGORY # 1
806	3	1981-1983	[RX20CAT2] MULTUM DRUG CATEGORY # 2
807	3	1984-1986	[RX20CAT3] MULTUM DRUG CATEGORY # 3
808	3	1987-1989	[RX20CAT4] MULTUM DRUG CATEGORY # 4
809	3	1990-1992	[RX20V1C1] Level 1 of MULTUM DRUG CATEGORY # 1
810	3	1993-1995	[RX20V1C2] Level 1 of MULTUM DRUG CATEGORY # 2
811	3	1996-1998	[RX20V1C3] Level 1 of MULTUM DRUG CATEGORY # 3
812	3	1999-2001	[RX20V1C4] Level 1 of MULTUM DRUG CATEGORY # 4
813	3	2002-2004	[RX20V2C1] Level 2 of MULTUM DRUG CATEGORY # 1
814	3	2005-2007	[RX20V2C2] Level 2 of MULTUM DRUG CATEGORY # 2
815	3	2008-2010	[RX20V2C3] Level 2 of MULTUM DRUG CATEGORY # 3
816	3	2011-2013	[RX20V2C4] Level 2 of MULTUM DRUG CATEGORY # 4
817	3	2014-2016	[RX20V3C1] Level 3 of MULTUM DRUG CATEGORY # 1
818	3	2017-2019	[RX20V3C2] Level 3 of MULTUM DRUG CATEGORY # 2
819	3	2020-2022	[RX20V3C3] Level 3 of MULTUM DRUG CATEGORY # 3
820	3	2023-2025	[RX20V3C4] Level 3 of MULTUM DRUG CATEGORY # 4
821	6	2026-2031	[DRUGID21] DRUG ID
822	1	2032	[PRESCR21] PRESCRIPTION STATUS CODE
823	1	2033	[CONTSUB21] CONTROLLED SUBSTANCE STATUS CODE
824	1	2034	[COMSTAT21] COMPOSITION STATUS CODE
825	3	2035-2037	[RX21CAT1] MULTUM DRUG CATEGORY # 1
826	3	2038-2040	[RX21CAT2] MULTUM DRUG CATEGORY # 2
827	3	2041-2043	[RX21CAT3] MULTUM DRUG CATEGORY # 3
828	3	2044-2046	[RX21CAT4] MULTUM DRUG CATEGORY # 4
829	3	2047-2049	[RX21V1C1] Level 1 of MULTUM DRUG CATEGORY # 1
830	3	2050-2052	[RX21V1C2] Level 1 of MULTUM DRUG CATEGORY # 2
831	3	2053-2055	[RX21V1C3] Level 1 of MULTUM DRUG CATEGORY # 3
832	3	2056-2058	[RX21V1C4] Level 1 of MULTUM DRUG CATEGORY # 4
833	3	2059-2061	[RX21V2C1] Level 2 of MULTUM DRUG CATEGORY # 1
834	3	2062-2064	[RX21V2C2] Level 2 of MULTUM DRUG CATEGORY # 2
835	3	2065-2067	[RX21V2C3] Level 2 of MULTUM DRUG CATEGORY # 3
836	3	2068-2070	[RX21V2C4] Level 2 of MULTUM DRUG CATEGORY # 4
837	3	2071-2073	[RX21V3C1] Level 3 of MULTUM DRUG CATEGORY # 1
838	3	2074-2076	[RX21V3C2] Level 3 of MULTUM DRUG CATEGORY # 2
839	3	2077-2079	[RX21V3C3] Level 3 of MULTUM DRUG CATEGORY # 3
840	3	2080-2082	[RX21V3C4] Level 3 of MULTUM DRUG CATEGORY # 4
841	6	2083-2088	[DRUGID22] DRUG ID
842	1	2089	[PRESCR22] PRESCRIPTION STATUS CODE
843	1	2090	[CONTSUB22] CONTROLLED SUBSTANCE STATUS CODE
844	1	2091	[COMSTAT22] COMPOSITION STATUS CODE
845	3	2092-2094	[RX22CAT1] MULTUM DRUG CATEGORY # 1
846	3	2095-2097	[RX22CAT2] MULTUM DRUG CATEGORY # 2
847	3	2098-2100	[RX22CAT3] MULTUM DRUG CATEGORY # 3
848	3	2101-2103	[RX22CAT4] MULTUM DRUG CATEGORY # 4
849	3	2104-2106	[RX22V1C1] Level 1 of MULTUM DRUG CATEGORY # 1
850	3	2107-2109	[RX22V1C2] Level 1 of MULTUM DRUG CATEGORY # 2
851	3	2110-2112	[RX22V1C3] Level 1 of MULTUM DRUG CATEGORY # 3
852	3	2113-2115	[RX22V1C4] Level 1 of MULTUM DRUG CATEGORY # 4
853	3	2116-2118	[RX22V2C1] Level 2 of MULTUM DRUG CATEGORY # 1
854	3	2119-2121	[RX22V2C2] Level 2 of MULTUM DRUG CATEGORY # 2
855	3	2122-2124	[RX22V2C3] Level 2 of MULTUM DRUG CATEGORY # 3
856	3	2125-2127	[RX22V2C4] Level 2 of MULTUM DRUG CATEGORY # 4
857	3	2128-2130	[RX22V3C1] Level 3 of MULTUM DRUG CATEGORY # 1
858	3	2131-2133	[RX22V3C2] Level 3 of MULTUM DRUG CATEGORY # 2
859	3	2134-2136	[RX22V3C3] Level 3 of MULTUM DRUG CATEGORY # 3
860	3	2137-2139	[RX22V3C4] Level 3 of MULTUM DRUG CATEGORY # 4
861	6	2140-2145	[DRUGID23] DRUG ID
862	1	2146	[PRESCR23] PRESCRIPTION STATUS CODE
863	1	2147	[CONTSUB23] CONTROLLED SUBSTANCE STATUS CODE
864	1	2148	[COMSTAT23] COMPOSITION STATUS CODE
865	3	2149-2151	[RX23CAT1] MULTUM DRUG CATEGORY # 1
866	3	2152-2154	[RX23CAT2] MULTUM DRUG CATEGORY # 2
867	3	2155-2157	[RX23CAT3] MULTUM DRUG CATEGORY # 3
868	3	2158-2160	[RX23CAT4] MULTUM DRUG CATEGORY # 4
869	3	2161-2163	[RX23V1C1] Level 1 of MULTUM DRUG CATEGORY # 1
870	3	2164-2166	[RX23V1C2] Level 1 of MULTUM DRUG CATEGORY # 2
871	3	2167-2169	[RX23V1C3] Level 1 of MULTUM DRUG CATEGORY # 3
872	3	2170-2172	[RX23V1C4] Level 1 of MULTUM DRUG CATEGORY # 4
873	3	2173-2175	[RX23V2C1] Level 2 of MULTUM DRUG CATEGORY # 1
874	3	2176-2178	[RX23V2C2] Level 2 of MULTUM DRUG CATEGORY # 2
875	3	2179-2181	[RX23V2C3] Level 2 of MULTUM DRUG CATEGORY # 3
876	3	2182-2184	[RX23V2C4] Level 2 of MULTUM DRUG CATEGORY # 4
877	3	2185-2187	[RX23V3C1] Level 3 of MULTUM DRUG CATEGORY # 1
878	3	2188-2190	[RX23V3C2] Level 3 of MULTUM DRUG CATEGORY # 2
879	3	2191-2193	[RX23V3C3] Level 3 of MULTUM DRUG CATEGORY # 3
880	3	2194-2196	[RX23V3C4] Level 3 of MULTUM DRUG CATEGORY # 4
881	6	2197-2202	[DRUGID24] DRUG ID
882	1	2203	[PRESCR24] PRESCRIPTION STATUS CODE
883	1	2204	[CONTSUB24] CONTROLLED SUBSTANCE STATUS CODE
884	1	2205	[COMSTAT24] COMPOSITION STATUS CODE
885	3	2206-2208	[RX24CAT1] MULTUM DRUG CATEGORY # 1
886	3	2209-2211	[RX24CAT2] MULTUM DRUG CATEGORY # 2
887	3	2212-2214	[RX24CAT3] MULTUM DRUG CATEGORY # 3
888	3	2215-2217	[RX24CAT4] MULTUM DRUG CATEGORY # 4
889	3	2218-2220	[RX24V1C1] Level 1 of MULTUM DRUG CATEGORY # 1
890	3	2221-2223	[RX24V1C2] Level 1 of MULTUM DRUG CATEGORY # 2
891	3	2224-2226	[RX24V1C3] Level 1 of MULTUM DRUG CATEGORY # 3
892	3	2227-2229	[RX24V1C4] Level 1 of MULTUM DRUG CATEGORY # 4
893	3	2230-2232	[RX24V2C1] Level 2 of MULTUM DRUG CATEGORY # 1
894	3	2233-2235	[RX24V2C2] Level 2 of MULTUM DRUG CATEGORY # 2
895	3	2236-2238	[RX24V2C3] Level 2 of MULTUM DRUG CATEGORY # 3
896	3	2239-2241	[RX24V2C4] Level 2 of MULTUM DRUG CATEGORY # 4
897	3	2242-2244	[RX24V3C1] Level 3 of MULTUM DRUG CATEGORY # 1
898	3	2245-2247	[RX24V3C2] Level 3 of MULTUM DRUG CATEGORY # 2
899	3	2248-2250	[RX24V3C3] Level 3 of MULTUM DRUG CATEGORY # 3
900	3	2251-2253	[RX24V3C4] Level 3 of MULTUM DRUG CATEGORY # 4
901	6	2254-2259	[DRUGID25] DRUG ID
902	1	2260	[PRESCR25] PRESCRIPTION STATUS CODE
903	1	2261	[CONTSUB25] CONTROLLED SUBSTANCE STATUS CODE
904	1	2262	[COMSTAT25] COMPOSITION STATUS CODE
905	3	2263-2265	[RX25CAT1] MULTUM DRUG CATEGORY # 1
906	3	2266-2268	[RX25CAT2] MULTUM DRUG CATEGORY # 2
907	3	2269-2271	[RX25CAT3] MULTUM DRUG CATEGORY # 3
908	3	2272-2274	[RX25CAT4] MULTUM DRUG CATEGORY # 4
909	3	2275-2277	[RX25V1C1] Level 1 of MULTUM DRUG CATEGORY # 1
910	3	2278-2280	[RX25V1C2] Level 1 of MULTUM DRUG CATEGORY # 2
911	3	2281-2283	[RX25V1C3] Level 1 of MULTUM DRUG CATEGORY # 3
912	3	2284-2286	[RX25V1C4] Level 1 of MULTUM DRUG CATEGORY # 4
913	3	2287-2289	[RX25V2C1] Level 2 of MULTUM DRUG CATEGORY # 1
914	3	2290-2292	[RX25V2C2] Level 2 of MULTUM DRUG CATEGORY # 2
915	3	2293-2295	[RX25V2C3] Level 2 of MULTUM DRUG CATEGORY # 3
916	3	2296-2298	[RX25V2C4] Level 2 of MULTUM DRUG CATEGORY # 4
917	3	2299-2301	[RX25V3C1] Level 3 of MULTUM DRUG CATEGORY # 1
918	3	2302-2304	[RX25V3C2] Level 3 of MULTUM DRUG CATEGORY # 2
919	3	2305-2307	[RX25V3C3] Level 3 of MULTUM DRUG CATEGORY # 3
920	3	2308-2310	[RX25V3C4] Level 3 of MULTUM DRUG CATEGORY # 4
921	6	2311-2316	[DRUGID26] DRUG ID
922	1	2317	[PRESCR26] PRESCRIPTION STATUS CODE
923	1	2318	[CONTSUB26] CONTROLLED SUBSTANCE STATUS CODE
924	1	2319	[COMSTAT26] COMPOSITION STATUS CODE
925	3	2320-2322	[RX26CAT1] MULTUM DRUG CATEGORY # 1
926	3	2323-2325	[RX26CAT2] MULTUM DRUG CATEGORY # 2
927	3	2326-2328	[RX26CAT3] MULTUM DRUG CATEGORY # 3
928	3	2329-2331	[RX26CAT4] MULTUM DRUG CATEGORY # 4
929	3	2332-2334	[RX26V1C1] Level 1 of MULTUM DRUG CATEGORY # 1
930	3	2335-2337	[RX26V1C2] Level 1 of MULTUM DRUG CATEGORY # 2
931	3	2338-2340	[RX26V1C3] Level 1 of MULTUM DRUG CATEGORY # 3
932	3	2341-2343	[RX26V1C4] Level 1 of MULTUM DRUG CATEGORY # 4
933	3	2344-2346	[RX26V2C1] Level 2 of MULTUM DRUG CATEGORY # 1
934	3	2347-2349	[RX26V2C2] Level 2 of MULTUM DRUG CATEGORY # 2
935	3	2350-2352	[RX26V2C3] Level 2 of MULTUM DRUG CATEGORY # 3
936	3	2353-2355	[RX26V2C4] Level 2 of MULTUM DRUG CATEGORY # 4
937	3	2356-2358	[RX26V3C1] Level 3 of MULTUM DRUG CATEGORY # 1
938	3	2359-2361	[RX26V3C2] Level 3 of MULTUM DRUG CATEGORY # 2
939	3	2362-2364	[RX26V3C3] Level 3 of MULTUM DRUG CATEGORY # 3
940	3	2365-2367	[RX26V3C4] Level 3 of MULTUM DRUG CATEGORY # 4
941	6	2368-2373	[DRUGID27] DRUG ID
942	1	2374	[PRESCR27] PRESCRIPTION STATUS CODE
943	1	2375	[CONTSUB27] CONTROLLED SUBSTANCE STATUS CODE
944	1	2376	[COMSTAT27] COMPOSITION STATUS CODE
945	3	2377-2379	[RX27CAT1] MULTUM DRUG CATEGORY # 1
946	3	2380-2382	[RX27CAT2] MULTUM DRUG CATEGORY # 2
947	3	2383-2385	[RX27CAT3] MULTUM DRUG CATEGORY # 3
948	3	2386-2388	[RX27CAT4] MULTUM DRUG CATEGORY # 4
949	3	2389-2391	[RX27V1C1] Level 1 of MULTUM DRUG CATEGORY # 1
950	3	2392-2394	[RX27V1C2] Level 1 of MULTUM DRUG CATEGORY # 2
951	3	2395-2397	[RX27V1C3] Level 1 of MULTUM DRUG CATEGORY # 3
952	3	2398-2400	[RX27V1C4] Level 1 of MULTUM DRUG CATEGORY # 4
953	3	2401-2403	[RX27V2C1] Level 2 of MULTUM DRUG CATEGORY # 1
954	3	2404-2406	[RX27V2C2] Level 2 of MULTUM DRUG CATEGORY # 2
955	3	2407-2409	[RX27V2C3] Level 2 of MULTUM DRUG CATEGORY # 3
956	3	2410-2412	[RX27V2C4] Level 2 of MULTUM DRUG CATEGORY # 4
957	3	2413-2415	[RX27V3C1] Level 3 of MULTUM DRUG CATEGORY # 1
958	3	2416-2418	[RX27V3C2] Level 3 of MULTUM DRUG CATEGORY # 2
959	3	2419-2421	[RX27V3C3] Level 3 of MULTUM DRUG CATEGORY # 3
960	3	2422-2424	[RX27V3C4] Level 3 of MULTUM DRUG CATEGORY # 4
961	6	2425-2430	[DRUGID28] DRUG ID
962	1	2431	[PRESCR28] PRESCRIPTION STATUS CODE
963	1	2432	[CONTSUB28] CONTROLLED SUBSTANCE STATUS CODE
964	1	2433	[COMSTAT28] COMPOSITION STATUS CODE
965	3	2434-2436	[RX28CAT1] MULTUM DRUG CATEGORY # 1
966	3	2437-2439	[RX28CAT2] MULTUM DRUG CATEGORY # 2
967	3	2440-2442	[RX28CAT3] MULTUM DRUG CATEGORY # 3
968	3	2443-2445	[RX28CAT4] MULTUM DRUG CATEGORY # 4
969	3	2446-2448	[RX28V1C1] Level 1 of MULTUM DRUG CATEGORY # 1
970	3	2449-2451	[RX28V1C2] Level 1 of MULTUM DRUG CATEGORY # 2
971	3	2452-2454	[RX28V1C3] Level 1 of MULTUM DRUG CATEGORY # 3
972	3	2455-2457	[RX28V1C4] Level 1 of MULTUM DRUG CATEGORY # 4
973	3	2458-2460	[RX28V2C1] Level 2 of MULTUM DRUG CATEGORY # 1
974	3	2461-2463	[RX28V2C2] Level 2 of MULTUM DRUG CATEGORY # 2
975	3	2464-2466	[RX28V2C3] Level 2 of MULTUM DRUG CATEGORY # 3
976	3	2467-2469	[RX28V2C4] Level 2 of MULTUM DRUG CATEGORY # 4
977	3	2470-2472	[RX28V3C1] Level 3 of MULTUM DRUG CATEGORY # 1
978	3	2473-2475	[RX28V3C2] Level 3 of MULTUM DRUG CATEGORY # 2
979	3	2476-2478	[RX28V3C3] Level 3 of MULTUM DRUG CATEGORY # 3
980	3	2479-2481	[RX28V3C4] Level 3 of MULTUM DRUG CATEGORY # 4
981	6	2482-2487	[DRUGID29] DRUG ID
982	1	2488	[PRESCR29] PRESCRIPTION STATUS CODE
983	1	2489	[CONTSUB29] CONTROLLED SUBSTANCE STATUS CODE
948	1	2490	[COMSTAT29] COMPOSITION STATUS CODE
985	3	2491-2493	[RX29CAT1] MULTUM DRUG CATEGORY # 1
986	3	2494-2496	[RX29CAT2] MULTUM DRUG CATEGORY # 2
987	3	2497-2499	[RX29CAT3] MULTUM DRUG CATEGORY # 3
988	3	2500-2502	[RX29CAT4] MULTUM DRUG CATEGORY # 4
989	3	2503-2505	[RX29V1C1] Level 1 of MULTUM DRUG CATEGORY # 1
990	3	2506-2508	[RX29V1C2] Level 1 of MULTUM DRUG CATEGORY # 2
991	3	2509-2511	[RX29V1C3] Level 1 of MULTUM DRUG CATEGORY # 3
992	3	2512-2514	[RX29V1C4] Level 1 of MULTUM DRUG CATEGORY # 4
993	3	2515-2517	[RX29V2C1] Level 2 of MULTUM DRUG CATEGORY # 1
994	3	2518-2520	[RX29V2C2] Level 2 of MULTUM DRUG CATEGORY # 2
995	3	2521-2523	[RX29V2C3] Level 2 of MULTUM DRUG CATEGORY # 3
996	3	2524-2526	[RX29V2C4] Level 2 of MULTUM DRUG CATEGORY # 4
997	3	2527-2529	[RX29V3C1] Level 3 of MULTUM DRUG CATEGORY # 1
998	3	2530-2532	[RX29V3C2] Level 3 of MULTUM DRUG CATEGORY # 2
999	3	2533-2535	[RX29V3C3] Level 3 of MULTUM DRUG CATEGORY # 3
1000	3	2536-2538	[RX29V3C4] Level 3 of MULTUM DRUG CATEGORY # 4
1001	6	2539-2544	[DRUGID30] DRUG ID
1002	1	2545	[PRESCR30] PRESCRIPTION STATUS CODE
1003	1	2546	[CONTSUB30] CONTROLLED SUBSTANCE STATUS CODE
1004	1	2547	[COMSTAT30] COMPOSITION STATUS CODE
1005	3	2548-2550	[RX30CAT1] MULTUM DRUG CATEGORY # 1
1006	3	2551-2553	[RX30CAT2] MULTUM DRUG CATEGORY # 2
1007	3	2554-2556	[RX30CAT3] MULTUM DRUG CATEGORY # 3
1008	3	2557-2559	[RX30CAT4] MULTUM DRUG CATEGORY # 4
1009	3	2560-2562	[RX30V1C1] Level 1 of MULTUM DRUG CATEGORY # 1
1010	3	2563-2565	[RX30V1C2] Level 1 of MULTUM DRUG CATEGORY # 2
1011	3	2566-2568	[RX30V1C3] Level 1 of MULTUM DRUG CATEGORY # 3
1012	3	2569-2571	[RX30V1C4] Level 1 of MULTUM DRUG CATEGORY # 4
1013	3	2572-2574	[RX30V2C1] Level 2 of MULTUM DRUG CATEGORY # 1
1014	3	2575-2577	[RX30V2C2] Level 2 of MULTUM DRUG CATEGORY # 2
1015	3	2578-2580	[RX30V2C3] Level 2 of MULTUM DRUG CATEGORY # 3
1016	3	2581-2583	[RX30V2C4] Level 2 of MULTUM DRUG CATEGORY # 4
1017	3	2584-2586	[RX30V3C1] Level 3 of MULTUM DRUG CATEGORY # 1
1018	3	2587-2589	[RX30V3C2] Level 3 of MULTUM DRUG CATEGORY # 2
1019	3	2590-2592	[RX30V3C3] Level 3 of MULTUM DRUG CATEGORY # 3
1020	3	2593-2595	[RX30V3C4] Level 3 of MULTUM DRUG CATEGORY # 4
1021	8	2596-2603	[CSTRATM] Masked clustered stratum marker
1022	6	2604-2609	[CPSUM] Sampled provider marker
1023	4	2610-2613	[YEAR] SURVEY YEAR
1024	1	2614	[SETTYPE] SETTING TYPE
1025	12	2615-2626	[PATWT] PATIENT VISIT WEIGHT
1026	9	2627-2636	[PHYSWT] PHYSICIAN WEIGHT
